data,time
-6.276834644842709,500
-5.894632783456995,1000
-5.49474491283576,1500
-6.143223582309499,2000
