data,time
-0.09305339824408293,500
-0.7041955256462097,1000
-1.0102096152305604,1500
-1.390561079978943,2000
